1;1;ALTAGRACIA;1
1;2;ANTIMANO;1
1;3;CANDELARIA;1
1;4;CARICUAO;1
1;5;CATEDRAL;1
1;6;COCHE;1
1;7;EL JUNQUITO;1
1;8;EL PARAISO;1
1;9;EL RECREO;1
1;10;EL VALLE;1
1;11;LA PASTORA;1
1;12;LA VEGA;1
1;13;MACARAO;1
1;14;SAN AGUSTIN;1
1;15;SAN BERNARDINO;1
1;16;SAN JOSE;1
1;17;SAN JUAN;1
1;18;SAN PEDRO;1
1;19;SANTA ROSALIA;1
1;20;SANTA TERESA;1
1;21;SUCRE;1
1;22;23 DE ENERO;1
1;1;HUACHAMACARE;1
1;2;MARAWAKA;1
1;3;MAVACA;1
1;4;SIERRA PARIMA;1
2;1;UCATA;1
2;2;YACAPANA;1
2;3;CANAME;1
3;1;FERNANDO GIRON TOVAR;1
3;2;LUIS ALBERTO GOMEZ;1
3;3;PARHUENA;1
3;4;PLATANILLAL;1
4;1;SAMARIAPO;1
4;2;SIPAPO;1
4;3;MUNDUAPO;1
4;4;GUAYAPO;1
5;1;VICTORINO;1
5;2;COMUNIDAD;1
6;1;ALTO VENTUARI;1
6;2;MEDIO VENTUARI;1
6;3;BAJO VENTUARI;1
7;1;SOLANO;1
7;2;CASIQUIARE;1
7;3;COCUY;1
1;1;ANACO;1
1;2;SAN AGUSTIN;1
2;1;ARAGUA;1
2;2;CACHIPO;1
3;1;PUERTO PIRITU;1
3;2;SAN MIGUEL;1
3;3;SUCRE;1
4;1;VALLE DE GUANAPE;1
4;2;SANTA BARBARA;1
5;1;PARIAGUAN;1
5;2;ATAPIRIRE;1
5;3;BOCA DEL PAO;1
5;4;EL PAO DE BARCELONA;1
5;5;MUCURA;1
6;1;GUANTA;1
6;2;CHORRERON;1
7;1;SOLEDAD;1
7;2;MAMO;1
8;1;PUERTO LA CRUZ;1
8;2;POZUELOS;1
9;1;ONOTO;1
9;2;SAN PABLO;1
10;1;MAPIRE;1
10;2;PIAR;1
10;3;SAN DIEGO DE CABRUTICA;1
10;4;SANTA CLARA;1
10;5;UVERITO;1
10;6;ZUATA;1
11;1;SAN MATEO;1
11;2;EL CARITO;1
11;3;SANTA INES;1
12;1;CLARINES;1
12;2;GUANAPE;1
12;3;SABANA DE UCHIRE;1
13;1;CANTAURA;1
13;2;LIBERTADOR;1
13;3;SANTA ROSA;1
13;4;URICA;1
14;1;PIRITU;1
14;2;SAN FRANCISCO;1
16;1;BOCA DE URICHE;1
16;2;BOCA DE CHAVEZ;1
17;1;SANTA ANA;1
17;2;PUEBLO NUEVO;1
18;1;EL CARMEN;1
18;2;SAN CRISTOBAL;1
18;3;BERGATIN;1
18;4;CAIGUA;1
18;5;EL PILAR;1
18;6;NARICUAL;1
19;1;EDMUNDO BARRIOS;1
19;2;MIGUEL OTERO SILVA;1
20;1;EL CHAPARRO;1
20;2;TOMAS ALFARO CALATRAVA;1
21;1;LECHERIAS;1
21;2;EL MORRO;1
1;1;ACHAGUAS;1
1;2;APURITO;1
1;3;EL YAGUAL;1
1;4;GUACHARA;1
1;5;MUCURITAS;1
1;6;QUESERAS DEL MEDIO;1
2;1;BIRUACA;1
3;1;BRUZUAL;1
3;2;MANTECAL;1
3;3;QUINTERO;1
3;4;RINCON HONDO;1
3;5;SAN VICENTE;1
4;1;GUASDALITO;1
4;2;ARAMENDI;1
4;3;EL AMPARO;1
4;4;SAN CAMILO;1
4;5;URDANETA;1
5;1;SAN JUAN DE PAYARA;1
5;2;CODAZZI;1
5;3;CUNAVICHE;1
6;1;ELORZA;1
6;2;LA TRINIDAD;1
7;1;SAN FERNANDO;1
7;2;EL RECREO;1
7;3;PENALVER;1
7;4;SAN RAFAEL DE ATAMAICA;1
2;1;CAMATAGUA;1
2;2;CARMEN DE CURA;1
3;1;CHORONI;1
3;2;LAS DELICIAS;1
3;3;MADRE MARIA DE SAN JOSE;1
3;4;JOAQUIN CRESPO;1
3;5;PEDRO JOSE OVALLES;1
3;6;JOSE CASANOVA GODOY;1
3;7;ANDRES ELOY BLANCO;1
3;8;LOS TACARIGUA;1
5;1;JOSE FELIZ RIBAS;1
5;2;CASTOR NIEVES RIOS;1
5;3;LAS GUACAMAYAS;1
5;4;PAO DE ZARATE;1
5;5;ZUATA;1
7;1;LIBERTADOR;1
7;2;SAN MARTIN DE PORRES;1
8;1;MARIO BRICENO IRAGORRY;1
8;2;CANA DE AZUCAR;1
9;1;SAN CASIMIRO;1
9;2;GUIRIPA;1
9;3;OLLAS DE CARAMACATE;1
9;4;VALLE MORIN;1
11;1;SANTIAGO MARINO;1
11;2;AREVALO APONTE;1
11;3;CHUAO;1
11;4;SAMAN DE GUERE;1
11;5;ALFREDO PACHECO MIRANDA;1
12;1;SANTOS MICHELENA;1
12;2;TIARA;1
13;1;SUCRE;1
13;2;BELLA VISTA;1
15;1;URDANETA;1
15;2;LAS PENITAS;1
15;3;SAN FRANCISCO DE CARA;1
15;4;TAGUAY;1
16;1;ZAMORA;1
16;2;MAGDALENO;1
16;3;SAN FRANCISCO DE ASIS;1
16;4;VALLES DE TUCUTUNEMO;1
16;5;AUGUSTO MIJARES;1
17;1;FRANCISCO LINARES ALCANTARA;1
17;2;FRANCISCO DE MIRANDA;1
17;3;MONSENOR FELICIANO GONZALES;1
1;1;SABANETA;1
1;2;RODRIGUEZ DOMINGUEZ;1
2;1;TICOPORO;1
2;2;ANDRES BELLO;1
2;3;NICOLAS PULIDO;1
3;1;ARISMENDI;1
3;2;GUADARRAMA;1
3;3;LA UNION;1
3;4;SAN ANTONIO;1
4;1;BARINAS;1
4;2;ALFREDO ARVELO LARRIVA;1
4;3;SAN SILVESTRE;1
4;4;SANTA INES;1
4;5;SANTA LUCIA;1
4;6;TORUNOS;1
4;7;EL CARMEN;1
4;8;ROMULO BETANCOURT;1
4;9;CORAZON DE JESUS;1
4;10;RAMON IGNACIO MENDEZ;1
4;11;ALTO BARINAS;1
4;12;MANUEL PALACIOS FAJARDO;1
4;13;JUAN ANTONIO RODRIGUEZ DOMINGUEZ;1
4;14;DOMINGA ORTIZ DE PAEZ;1
5;1;BARINITAS;1
5;2;ALTAMIRA;1
5;3;CALDERAS;1
6;1;BARRANCAS;1
6;2;EL SOCORRO;1
6;3;MASPARRITO;1
7;1;SANTA BARBARA;1
7;2;JOSE IGNACIO DEL PUMAR;1
7;3;PEDRO BRICENO MENDEZ;1
7;4;RAMON IGNACIO MENDEZ;1
8;1;OBISPOS;1
8;2;EL REAL;1
8;3;LA LUZ;1
8;4;LOS GUASIMITOS;1
9;1;CIUDAD BOLIVIA;1
9;2;IGNACIO BRICENO;1
9;3;JOSE FELIX RIBAS;1
9;4;PAEZ;1
10;1;LIBERTAD;1
10;2;DOLORES;1
10;3;PALACIOS FAJARDO;1
10;4;SANTA ROSA;1
11;1;CIUDAD DE NUTRIAS;1
11;2;EL REGALO;1
11;3;PUERTO DE NUTRIAS;1
11;4;SANTA CATALINA;1
12;1;EL CANTON;1
12;2;SANTA CRUZ DE GUACAS;1
12;3;PUERTO VIVAS;1
1;1;EL CACHAMAY;1
1;2;EL CHIRICA;1
1;3;DALLA COSTA;1
1;4;ONCE DE ABRIL;1
1;5;SIMON BOLIVAR;1
1;6;UNARE;1
1;7;UNIVERSIDAD;1
1;8;VISTA DEL SOL;1
1;9;POZO VERDE;1
1;10;YOCOIMA;1
2;1;CEDENO;1
2;2;ALTAGRACIA;1
2;3;ASCENCION FARRERAS;1
2;4;GUANIAMO;1
2;5;LA URBANA;1
2;6;PIJIGUAOS;1
4;1;GRAN SABANA;1
4;2;IKABARU;1
5;1;AGUA SALADA;1
5;2;CATEDRAL;1
5;3;JOSE ANTONIO PAEZ;1
5;4;LA SABANITA;1
5;5;MARHUANTA;1
5;6;VISTA HERMOSA;1
5;7;ORINOCO;1
5;8;PANAPANA;1
5;9;ZEA;1
6;1;PIAR;1
6;2;ANDRES ELOY BLANCO;1
6;3;PEDRO COVA;1
7;1;RAUL LEONI;1
7;2;BARCELONETA;1
7;3;SAN FRANCISCO;1
7;4;SANTA BARBARA;1
8;1;ROSCIO;1
8;2;SALOM;1
9;1;SIFONTES;1
9;2;DALLA COSTA;1
9;3;SAN ISIDRO;1
10;1;SUCRE;1
10;2;ARIPAO;1
10;3;GUARATARO;1
10;4;LAS MAJADAS;1
10;5;MOITACO;1
1;1;BEJUMA;1
1;2;CANOABO;1
1;3;SIMON BOLIVAR;1
2;1;GUIGUE;1
2;2;BELEN;1
2;3;TACARIGUA;1
3;1;AGUAS CALIENTES;1
3;2;MARIARA;1
4;1;CIUDAD ALIANZA;1
4;2;GUACARA;1
4;3;YAGUA;1
5;1;MORON;1
5;2;URAMA;1
6;1;TOCUYITO;1
6;2;INDEPENDENCIA;1
7;1;LOS GUAYOS;1
8;1;MIRANDA;1
9;1;MONTALBAN;1
10;1;NAGUANAGUA;1
11;1;BARTOLOME SALOM;1
11;2;DEMOCRACIA;1
11;3;FRATERNIDAD;1
11;4;GOAIGOAZA;1
11;5;JUAN JOSE FLORES;1
11;6;UNION;1
11;7;BORBURATA;1
11;8;PATANEMO;1
12;1;SAN DIEGO;1
13;1;SAN JOAQUIN;1
14;1;CANDELARIA;1
14;2;CATEDRAL;1
14;3;EL SOCORRO;1
14;4;MIGUEL PENA;1
14;5;RAFAEL URDANETA;1
14;6;SAN BLAS;1
14;7;SAN JOSE;1
14;8;SANTA ROSA;1
14;9;NEGRO PRIMERO;1
1;1;COJEDES;1
1;2;JUAN DE MATA SUAREZ;1
2;1;TINAQUILLO;1
3;1;EL BAUL;1
3;2;SUCRE;1
4;1;MACAPO;1
4;2;LA AGUADITA;1
5;1;EL PAO;1
6;1;LIBERTAD DE COJEDES;1
6;2;EL AMPARO;1
7;1;ROMULO GALLEGOS;1
8;1;SAN CARLOS DE AUSTRIA;1
8;2;JUAN ANGEL BRAVO;1
8;3;MANUEL MANRIQUE;1
9;1;GENERAL EN JEFE JOSE;1
9;2;LAURENCIO SILVA;1
1;1;CURIAPO;1
1;2;ALMIRANTE LUIS BRION;1
1;3;FRANCISCO ANICETO LUGO;1
1;4;MANUEL RENAUD;1
1;5;PADRE BARRAL;1
1;6;SANTOS DE ABELGAS;1
2;1;IMATACA;1
2;2;CINCO DE JULIO;1
2;3;JUAN BAUTISTA ARISMENDI;1
2;4;MANUEL PIAR;1
2;5;ROMULO GALLEGOS;1
3;1;PEDERNALES;1
3;2;LUIS BELTRAN PRIETO FIGUEROA;1
4;1;SAN JOSE;1
4;2;JOSE VIDAL MARCANO;1
4;3;JUAN MILLAN;1
4;4;LEONARDO LUIS PINEDA;1
4;5;MARICAL ANTONIO JOSE DE SUCRE;1
4;6;MONSENOR ARGUIMIRO GARCIA;1
4;7;SAN RAFAEL;1
4;8;VIRGEN DEL VALLE;1
1;1;SAN JUAN DE LOS CAYOS;1
1;2;CAPADARE;1
1;3;LA PASTORA;1
1;4;LIBERTADOR;1
2;1;SAN LUIS;1
2;2;ARACUA;1
2;3;LA PENA;1
3;1;CAPATARIDA;1
3;2;BARIRO;1
3;3;BOROJO;1
3;4;GUAJIRO;1
3;5;SEQUE;1
3;6;ZAZARIDA;1
5;1;CARIRUBANA;1
5;2;NORTE;1
5;3;PUNTA CARDON;1
5;4;SANTA ANA;1
6;1;LA VELA DE CORO;1
6;2;ACURIGUA;1
6;3;GUAIBACOA;1
6;4;LAS CALDERAS;1
6;5;MACORUCA;1
8;1;PEDREGAL;1
8;2;AGUA CLARA;1
8;3;AVARIA;1
8;4;PIEDRA GRANDE;1
8;5;PURURECHE;1
9;1;PUEBLO NUEVO;1
9;2;ADICORA;1
9;3;BARAIVED;1
9;4;BUENA VISTA;1
9;5;JADACAQUIVA;1
9;6;MORUY;1
9;7;ADAURE;1
9;8;EL HATO;1
9;9;EL VINCULO;1
10;1;CHURUGUARA;1
10;2;AGUA LARGA;1
10;3;PAUJI;1
10;4;INDEPENDENCIA;1
10;5;MAPARARI;1
11;1;JACURA;1
11;2;AGUA LINDA;1
11;3;ARAURIMA;1
12;1;LOS TAQUES;1
12;2;JUDIBANA;1
13;1;MENE DE MAUROA;1
13;2;CASIGUA;1
13;3;SAN FELIX;1
14;1;SAN ANTONIO;1
14;2;SAN GABRIEL;1
14;3;SANTA ANA;1
14;4;GUZMAN GUILLERMO;1
14;5;MITARE;1
14;6;RIO SECO;1
14;7;SABANETA;1
15;1;CHICHIRIVICHE;1
15;2;BOCA DE TOCUYO;1
15;3;TOCUYO DE LA COSTA;1
17;1;CABURE;1
17;2;COLINA;1
17;3;CURIMAGUA;1
18;1;PIRITU;1
18;2;SAN JOSE DE LA COSTA;1
20;1;TUCACAS;1
20;2;BOCA DE AROA;1
21;1;SUCRE;1
21;2;PECAYA;1
22;1;TOCOPERO;1
23;1;SANTA CRUZ DE BUCARAL;1
23;2;EL CHARAL;1
23;3;LAS VEGAS DEL TUY;1
24;1;URUMACO;1
24;2;BRUZUAL;1
25;1;PUERTO CUMAREBO;1
25;2;LA CIENAGA;1
25;3;LA SOLEDAD;1
25;4;PUEBLO CUMAREBO;1
25;5;ZAZARIDA;1
1;1;CAMAGUAN;1
1;2;PUERTO MIRANDA;1
1;3;UVERITO;1
2;1;CHAGUARAMAS;1
3;1;EL SOCORRO;1
4;1;SAN GERONIMO DE GUAYABAL;1
4;2;CAZORLA;1
5;1;VALLE DE LA PASCUA;1
5;2;ESPINO;1
6;1;LAS MERCEDES;1
6;2;CABRUTA;1
6;3;SANTA RITA MANAPIRE;1
7;1;EL SOMBRERO;1
7;2;SOSA;1
8;1;CALABOZO;1
8;2;EL CALVARIO;1
8;3;EL RASTRO;1
8;4;GUARDATINAJAS;1
9;1;ALTAGRACIA DE ORITUCO;1
9;2;LEZAMA;1
9;3;LIBERTAD DE ORITUCO;1
9;4;PASO REAL DE MACAIRA;1
9;5;SAN FRANCISCO DE MACAIRA;1
9;6;SAN RAFAEL DE ORITUCO;1
9;7;SOUBLETTE;1
10;1;ORTIZ;1
10;2;SAN FRANCISCO DE TIZNADOS;1
10;3;SAN JOSE DE TIZNADOS;1
10;4;SAN LORENZO DE TIZNADOS;1
11;1;TUCUPIDO;1
11;2;SAN RAFAEL DE LAYA;1
12;1;SAN JUAN DE LOS MORROS;1
12;2;CANTAGALLO;1
12;3;PARAPARA;1
13;1;SAN JOSE DE GUARIBE;1
14;1;SANTA MARIA DE IPIRE;1
14;2;ALTAMIRA;1
15;1;ZARAZA;1
15;2;SAN JOSE DE UNARE;1
1;1;PIO TAMACHO;1
1;2;QUEBRADA HONDA DE GUACHE;1
1;3;YACAMBU;1
2;1;FREITEZ;1
2;2;JOSE MARIA BLANCO;1
3;1;CATEDRAL;1
3;2;CONCEPCION;1
3;3;EL CUJI;1
3;4;JUAN DE VILLEGAS;1
3;5;SANTA ROSA;1
3;6;TAMACA;1
3;7;UNION;1
3;8;AGUEDO FELIPE ALVARADO;1
3;9;BUENA VISTA;1
3;10;JUAREZ;1
4;1;JUAN BAUTISTA RODRIGUEZ;1
4;2;CUARA;1
4;3;DIEGO DE LOZADA;1
4;4;PARAISO DE SAN JOSE;1
4;5;SAN MIGUEL;1
4;6;TINTORERO;1
4;7;JOSE BERNARDO DURANTE;1
4;8;CORONEL MARIANO PERAZA;1
5;1;BOLIVAR;1
5;2;ANZOATEGUI;1
5;3;GUARICO;1
5;4;HILARIO LUNA Y LUNA;1
5;5;HUMUCARO ALTO;1
5;6;HUMUCARO BAJO;1
5;7;LA CANDELARIA;1
5;8;MORAN;1
6;1;CABUDARE;1
6;2;JOSE GREGORIO BASTIDAS;1
6;3;AGUA VIVA;1
7;1;SARARE;1
7;2;BURIA;1
7;3;GUSTAVO VEGAS LEON;1
8;1;TRINIDAD SAMUEL;1
8;2;ANTONIO DIAZ;1
8;3;CAMACARO;1
8;4;CASTANEDA;1
8;5;CECILIO ZUBILLAGA;1
8;6;CHIQUINQUIRA;1
8;7;EL BLANCO;1
8;8;ESPINOZA DE LOS MONTEROS;1
8;9;LARA;1
8;10;LAS MERCEDES;1
8;11;MANUEL MORILLO;1
8;12;MONTANA VERDE;1
8;13;MONTES DE OCA;1
8;14;TORREZ;1
8;15;HERIBERTO ARROYO;1
8;16;REYES VARCAS;1
8;17;ALTAGRACIA;1
9;1;SIQUISIQUE;1
9;2;MOROTURO;1
9;3;SAN MIGUEL;1
9;4;XAGUAS;1
1;1;PRESIDENTE BETANCOURD;1
1;2;PRESIENTE PAEZ;1
1;3;PRESIDENTE ROMULO GALLEGOS;1
1;4;GABRIEL PICON GONZALEZ;1
1;5;HECTOR AMABLE MORA;1
1;6;JOSE NUCETE SARDI;1
1;7;PULIDO MENDEZ;1
3;1;PINTO SALINAS;1
3;2;MESA BOLIVAR;1
3;3;MESA DE LAS PALMAS;1
4;1;ARICAGUA;1
4;2;SAN ANTONIO;1
5;1;ARZOBISPO CHACON;1
5;2;CAPURI;1
5;3;CHACANTA;1
5;4;EL MOLINO;1
5;5;GUAIMARAL;1
5;6;MUCUTUY;1
5;7;MUCUCHACHI;1
6;1;FERNANDEZ PENA;1
6;2;MATRIZ;1
6;3;MONTALBAN;1
6;4;ACEQUIAS;1
6;5;JAJI;1
6;6;LA MESA;1
6;7;SAN JOSE;1
7;1;CARACCIOLO PARRA OLMEDO;1
7;2;FLORENCIO RAMIREZ;1
8;1;CARDENAL QUINTERO;1
8;2;LAS PIEDRAS;1
9;1;GUARAQUE;1
9;2;MESA DE QUINTERO;1
9;3;RIO NEGRO;1
10;1;JULIO CESAR SALAS;1
10;2;PALMIRA;1
11;1;JUSTO BRICENO;1
11;2;SAN CRISTOBAL DE TORONDOY;1
12;1;ANTONIO SPINETTI DINI;1
12;2;ARIAS;1
12;3;CARACCIOLO PARRA PEREZ;1
12;4;DOMINGO PENA;1
12;5;EL LLANO;1
12;6;GONZALO PICON FEBRES;1
12;7;JACINTO PLAZA;1
12;8;JUAN RODRIGUEZ SUAREZ;1
12;9;LASSO DE LA VEGA;1
12;10;MARIANO PICON SALAS;1
12;11;MILLA;1
12;12;OSUNA RODRIGUEZ;1
12;13;SAGRARIO;1
12;14;EL MORRO;1
12;15;LOS NEVADOS;1
13;1;MIRANDA;1
13;2;ANDRES ELOY BLANCO;1
13;3;LA VENTA;1
13;4;PINANGO;1
14;1;OBISPO RAMOS DE LORA;1
14;2;ELOY PAREDES;1
14;3;SAN RAFAEL DE ALCAZAR;1
17;1;RANGEL;1
17;2;CACUTE;1
17;3;LA TOMA;1
17;4;MUCURUBA;1
17;5;SAN RAFAEL;1
18;1;RIVAS DAVILA;1
18;2;GERONIMO MALDONADO;1
20;1;SUCRE;1
20;2;CHIGUARA;1
20;3;ESTANQUES;1
20;4;LA TRAMPA;1
20;5;PUEBLO NUEVO DEL SUR;1
20;6;SAN JUAN;1
21;1;EL AMPARO;1
21;2;EL LLANO;1
21;3;SAN FRANCISCO;1
21;4;TOVAR;1
22;1;TULIO FEBRES CORDERO;1
22;2;INDEPENDENCIA;1
22;3;MARIA DE LA CONCEPCION PALACIOS BLANCO;1
22;4;SANTA POLONIA;1
23;1;ZEA;1
23;2;CANO EL TIGRE;1
1;1;CAUCAGUA;1
1;2;ARAGUITA;1
1;3;AREVALO GONZALEZ;1
1;4;CAPAYA;1
1;5;EL CAFE;1
1;6;MARIZAPA;1
1;7;PANAQUIRE;1
1;8;RIBAS;1
2;1;SAN JOSE DE BARLOVENTO;1
2;2;CUMBO;1
3;1;BARUTA;1
3;2;EL CAFETAL;1
3;3;LAS MINAS DE BARUTA;1
4;1;HIGUEROTE;1
4;2;CURIEPE;1
4;3;TACARIGUA;1
5;1;MAMPORAL;1
6;1;CARRIZAL;1
7;1;CHACAO;1
8;1;CHARALLAVE;1
8;2;LAS BRISAS;1
9;1;EL HATILLO;1
10;1;LOS TEQUES;1
10;2;ALTAGRACIA DE LA MONTANA;1
10;3;CECILIO ACOSTA;1
10;4;EL JARILLO;1
10;5;PARACOTOS;1
10;6;SAN PEDRO;1
10;7;TACACTA;1
11;1;SANTA TERESA DEL TUY;1
11;2;EL CARTANAL;1
12;1;OCUMARE DEL TUY;1
12;2;LA DEMOCRACIA;1
12;3;SANTA BARBARA;1
13;1;SAN ANTONIO DE LOS ALTOS;1
14;1;RIO CHICO;1
14;2;EL GUAPO;1
14;3;TACARIGUA DE LA LAGUNA;1
14;4;PAPARO;1
14;5;SAN FERNANDO DEL GUAPO;1
15;1;SANTA LUCIA;1
16;1;CUPIRA;1
16;2;MACHURUCUTO;1
17;1;GUARENAS;1
18;1;SAN FRANCISCO DE YARE;1
18;2;SAN ANTONIO DE YARE;1
19;1;PETARE;1
19;2;CAUCAGUITA;1
19;3;FILAS DE MARICHES;1
19;4;LA DOLORITA;1
19;5;LEONCIO MARTINEZ;1
20;1;CUA;1
20;2;NUEVA CUA;1
21;1;GUATIRE;1
21;2;BOLIVAR;1
1;1;ACOSTA;1
1;2;SAN FRANCISCO;1
4;1;CARIPE;1
4;2;EL GUACHARO;1
4;3;LA GUANOTA;1
4;4;SABANA DE PIEDRA;1
4;5;SAN AGUSTIN;1
4;6;TERESEN;1
5;1;CEDENO;1
5;2;AREO;1
5;3;SAN FELIX;1
5;4;VIENTO FRESCO;1
6;1;EZEQUIEL ZAMORA;1
6;2;EL TEJERO;1
7;1;LIBERTADOR;1
7;2;CHAGUARAMAS;1
7;3;LAS ALHUAACAS;1
7;4;TABASCA;1
8;1;MATURIN;1
8;2;ALTO DE LOS GODOS;1
8;3;BOQUERON;1
8;4;LAS COCUIZAS;1
8;5;SAN SIMON;1
8;6;SANTA CRUZ;1
8;7;EL COROZO;1
8;8;EL FURRIAL;1
8;9;JUSEPIN;1
8;10;LA PICA;1
8;11;SAN VICENTE;1
9;1;PIAR;1
9;2;APARICIO;1
9;3;CHAGUARAMAL;1
9;4;EL PINTO;1
9;5;GUANAGUANA;1
9;6;LA TOSCANA;1
9;7;TAGUAYA;1
10;1;PUNCERES;1
10;2;CACHIPO;1
12;1;SOTILLO;1
12;2;LOS BARRANCOS DE FAJARDO;1
3;1;DIAZ;1
3;2;ZABALA;1
4;1;GARCIA;1
4;2;FRANCISCO FAJARDO;1
5;1;GOMEZ;1
5;2;BOLIVAR;1
5;3;GUEVARA;1
5;4;MATASIETE;1
5;5;SUCRE;1
6;1;MANEIRO;1
6;2;AGUIRRE;1
7;1;MARCANO;1
7;2;ADRIAN;1
9;1;PENINSULA DE MACANAO;1
9;2;SAN FRANCISCO;1
10;1;TUBORES;1
10;2;LOS BARALES;1
11;1;VILLALBA;1
11;2;VICENTE FUENTES;1
2;1;ARAURE;1
2;2;RIO ACARIGUA;1
3;1;ESTELLER;1
3;2;UVERAL;1
4;1;GUANARE;1
4;2;CORDOBA;1
4;3;SAN JOSE DE LA MONTANA;1
4;4;SAN JUAN DE GUANAGUANARE;1
4;5;VIRGEN DE LA COROMOTO;1
5;1;GUANARITO;1
5;2;TRINIDAD DE LA CAPILLA;1
5;3;DIVINA PASTORA;1
6;1;MONSENOR JOSE VICENTE DE UNDA;1
6;2;PENA BLANCA;1
7;1;OSPINO;1
7;2;APARICION;1
7;3;LA ESTACION;1
8;1;PAEZ;1
8;2;PAYARA;1
8;3;PIMPINELA;1
8;4;RAMON PERAZA;1
9;1;PAPELON;1
9;2;CANO DELGADITO;1
10;1;SAN GENARO DE BOCONOITO;1
10;2;ANTOLIN TOVAR;1
11;1;SAN RAFAEL DE ONOTO;1
11;2;SANTA FE;1
11;3;THERMO MORLES;1
12;1;SANTA ROSALIA;1
12;2;FLORIDA;1
13;1;SUCRE;1
13;2;CONCEPCION;1
13;3;SAN RAFAEL DE PALO ALZAO;1
13;4;UVENCIO ANTONIO VELASQUEZ;1
13;5;SAN JOSE DE SAGUAZ;1
13;6;VILLA ROSA;1
14;1;TUREN;1
14;2;CANELONES;1
14;3;SANTA CRUZ;1
14;4;SAN ISIDRO LABRADOR;1
1;1;MARINO;1
1;2;ROMULO GALLEGOS;1
2;1;SAN JOSE DE AEROCUAR;1
2;2;TAVERA ACOSTA;1
3;1;RIO CARIBE;1
3;2;ANTONIO JOSE DE SUCRE;1
3;3;EL MORRO DE PUERTO SANTO;1
3;4;PUERTO SANTO;1
3;5;SAN JUAN DE LAS GALDONAS;1
4;1;EL PILAR;1
4;2;EL RINCON;1
4;3;GRAL FRANCISCO ANTONIO VASQUEZ;1
4;4;GUARAUNOS;1
4;5;TUNAPUICITO;1
4;6;UNION;1
5;1;BOLIVAR;1
5;2;MACARAPANA;1
5;3;SANTA CATALINA;1
5;4;SANTA ROSA;1
5;5;SANTA TERESA;1
7;1;YAGUARAPARO;1
7;2;EL PAUJIL;1
7;3;LIBERTAD;1
8;1;AYARA;1
8;2;CHACOPACA;1
8;3;MANICUARE;1
9;1;TUNAPUY;1
9;2;CAMPO ELIAS;1
10;1;IRAPA;1
10;2;CAMPO CLARO;1
10;3;MARABAL;1
10;4;SAN ANTONIO DE IRAPA;1
10;5;SORO;1
12;1;CUMANACOA;1
12;2;ARENAS;1
12;3;ARICAGUA;1
12;4;COCOLLAR;1
12;5;SAN FERNANDO;1
12;6;SAN LORENZO;1
13;1;CARIACO;1
13;2;CATUARO;1
13;3;RENDON;1
13;4;SANTA CRUZ;1
13;5;SANTA MARIA;1
14;1;ALTAGRACIA;1
14;2;AYACUCHO;1
14;3;SANTA INES;1
14;4;VALENTIN VALIENTE;1
14;5;SAN JUAN;1
14;6;RAUL LEONI;1
14;7;SANTA FE;1
15;1;GUIRIA;1
15;2;BIDEAU;1
15;3;CRISTOBAL COLON;1
15;4;PUNTA DE PIEDRA;1
3;1;AYACUYO;1
3;2;RIVAS BERTI;1
3;3;SAN PEDRO DEL RIO;1
4;1;BOLIVAR;1
4;2;PALOTAL;1
4;3;GENERAL JUAN VICENTE GOMEZ;1
4;4;ISAIAS MEDINA ANGARITA;1
5;1;CARDENAS;1
5;2;AMENODORO RANGEL LAMUS;1
5;3;LA FLORIDA;1
7;1;FERNANDEZ FEO;1
7;2;ALBERTO ADRIANI;1
7;3;SANTO DOMINGO;1
9;1;GARCIA DE HEVIA;1
9;2;BOCA DE GRITA;1
9;3;JOSE ANTONIO PAEZ;1
11;1;INDEPENDENCIA;1
11;2;JUAN GERMAN ROSCIO;1
11;3;ROMAN CARDENAS;1
12;1;JAUREGUI;1
12;2;EMILIO CONSTANTINO GUERRERO;1
12;3;MONSENOR MIGUEL ANTONIO SALAS;1
14;1;JUNIN;1
14;2;LA PETROLEA;1
14;3;QUINIMARI;1
14;4;BRAMON;1
15;1;LIBERTAD;1
15;2;CIPRIANO CASTRO;1
15;3;MANUEL FELIPE RUGELES;1
16;1;LIBERTADOR;1
16;2;EMETERIO OCHOA;1
16;3;DORADAS;1
16;4;SAN JOAQUIN DE NAVAY;1
17;1;LOBATERA;1
17;2;CONSTITUCION;1
19;1;PANAMERICANO;1
19;2;LA PALMITA;1
20;1;PEDRO MARIA ORENA;1
20;2;NUEVA ARCADIA;1
22;1;SAMUEL DARIO MALDONADO;1
22;2;BOCONO;1
22;3;HERNANDEZ;1
23;1;LA CONCORDIA;1
23;2;PEDRO MARIA MORANTES;1
23;3;SAN JUAN BAUTISTA;1
23;4;SAN SEBASTIAN;1
23;5;DR FRANCISCO ROMERO LOBO;1
26;1;MUNICIPIO CAPITAL SUCRE;1
26;2;ELEAZAR LOPEZ CONTRERAS;1
26;3;SAN PABLO;1
28;1;MUNICIPIO CAPITAL URIBANTE;1
28;2;CARDENAS;1
28;3;JUAN PABLO PENALOZA;1
28;4;POTOSI;1
1;1;SANTA ISABEL;1
1;2;EL ARAGUANEY;1
1;3;EL JAGUITO;1
1;4;LA ESPERANZA;1
2;1;BOCONO;1
2;2;EL CARMEN;1
2;3;MOSQUEY;1
2;4;AYACUCHO;1
2;5;BURBUSAY;1
2;6;GENERAL RIVAS;1
2;7;GUARAMACAL;1
2;8;LA VEGA DE GUARAMACAL;1
2;9;MONSENOR JAUREGUI;1
2;10;RAFAEL RANGEL;1
2;11;SAN MIGUEL;1
2;12;SAN JOSE;1
3;1;SABANA GRANDE;1
3;2;CHEREGUE;1
3;3;GRANADOS;1
4;1;CHEJENDE;1
4;2;ARNOLDO GABALDON;1
4;3;BOLIVIA;1
4;4;CARRILLO;1
4;5;CEGARRA;1
4;6;MANUEL SALVADOR ULLOA;1
4;7;SAN JOSE;1
5;1;CARACHE;1
5;2;CUICAS;1
5;3;LA CONCEPCION;1
5;4;PANAMERICANA;1
5;5;SANTA CRUZ;1
6;1;ESCUQUE;1
6;2;LA UNION;1
6;3;SABANA LIBRE;1
6;4;SANTA RITA;1
7;1;EL SOCORRO;1
7;2;ANTONIO JOSE DE SUCRE;1
7;3;LOS CAPRICHOS;1
8;1;CAMPO ELIAS;1
8;2;ARNOLDO GABALDON;1
9;1;SANTA APOLONIA;1
9;2;EL PROGRESO;1
9;3;LA CEIBA;1
9;4;TRES DE FEBRERO;1
10;1;EL DIVIDIVE;1
10;2;AGUA SANTA;1
10;3;AGUA CALIENTE;1
10;4;EL CENIZO;1
10;5;VALERITA;1
11;1;MONTE CARMELO;1
11;2;BUENA VISTA;1
11;3;SANTA MARIA DEL HORCON;1
12;1;MOTATAN;1
12;2;EL BANO;1
12;3;JALISCO;1
13;1;PAMPAN;1
13;2;FLOR DE PATRIA;1
13;3;LA PAZ;1
13;4;SANTA ANA;1
14;1;PAMPANITO;1
14;2;LA CONCEPCION;1
14;3;PAMPANITO II;1
15;1;BETIJOQUE;1
15;2;LA PUEBLITA;1
15;3;LOS CEDROS;1
15;4;JOSE GREGORIO HERNANDEZ;1
16;1;CARVAJAL;1
16;2;ANTONIO NICOLAS BRICENO;1
16;3;CAMPO ALEGRE;1
16;4;JOSE LEONARDO SUAREZ;1
17;1;SABANA DE MENDOZA;1
17;2;EL PARAISO;1
17;3;JUNIN;1
17;4;VALMORE RODRIGUEZ;1
18;1;ANDRES LINAREZ;1
18;2;CHIQUINQUIRA;1
18;3;CRISTOBAL MENDOZA;1
18;4;CRUZ CARRILLO;1
18;5;MATRIZ;1
18;6;MONSENOR CARRILLO;1
18;7;TRES ESQUINAS;1
19;1;LA QUEBRADA;1
19;2;CABIMBU;1
19;3;JAJO;1
19;4;LA MESA;1
19;5;SANTIAGO;1
19;6;TUNAME;1
20;1;JUAN IGNACIO MONTILLA;1
20;2;BEATRIZ;1
20;3;MERCEDES DIAZ;1
20;4;SAN LUIS 3;1
20;5;LA PUERTA;1
20;6;MENDOZA;1
3;1;BRUZUAL;1
3;2;CAMPO ELIAS;1
9;1;NIRGUA;1
9;2;SALOM;1
9;3;TEMERLA;1
10;1;PENA;1
10;2;SAN ANDRES;1
11;1;SAN FELIPE;1
11;2;ALBARICO;1
11;3;SAN JAVIER;1
14;1;VEROES;1
14;2;EL GUAYABO;1
1;1;ISLA DE TOAS;1
1;2;MONAGAS;1
2;1;SAN TIMOTEO;1
2;2;GENERAL URDANETA;1
2;3;LIBERTADOR;1
2;4;MANUEL GUANIPA MATOS;1
2;5;MARCELINO BRICENO;1
2;6;PUEBLO NUEVO;1
3;1;AMBROSIO;1
3;2;CARMEN HERRERA;1
3;3;GERMAN RIOS LINARES;1
3;4;LA ROSA;1
3;5;JORGE HERNANDEZ;1
3;6;ROMULO BETANCOURT;1
3;7;SAN BENITO;1
3;8;ARISTIDES CALVANI;1
3;9;PUNTA GORDA;1
4;1;ENCONTRADOS;1
4;2;UDON PEREZ;1
5;1;SAN CARLOS DEL ZULIA;1
5;2;MORALITO;1
5;3;SANTA BARBARA;1
5;4;SANTA CRUZ DEL ZULIA;1
5;5;URRIBARRI;1
6;1;SIMON RODRIGUEZ;1
6;2;CARLOS QUEVEDO;1
6;3;FRANCISCO JAVIER PULGAR;1
7;1;LA CONCEPCION;1
7;2;JOSE RAMON YEPEZ;1
7;3;MARIANO PARRA LEON;1
7;4;SAN JOSE;1
8;1;JESUS MARIA SEMPRUN;1
8;2;BARI;1
9;1;CONCEPCION;1
9;2;ANDRES BELLO;1
9;3;CHIQUINQUIRA;1
9;4;EL CARMELO;1
9;5;POTRERITOS;1
10;1;ALONSO DE OJEDA;1
10;2;LIBERTAD;1
10;3;CAMPO LARA;1
10;4;ELEAZAR LOPEZ CONTRERAS;1
10;5;VENEZUELA;1
11;1;LIBERTAD;1
11;2;BARTOLOME DE LAS CASAS;1
11;3;RIO NEGRO;1
11;4;SAN JOSE DE PERIJA;1
12;1;SAN RAFAEL;1
12;2;LA SIERRITA;1
12;3;LAS PARCELAS;1
12;4;LUIS DE VICENTE;1
12;5;MONSENOR MARCOS SERGIO GODOY;1
12;6;RICAURTE;1
12;7;TAMARE;1
13;1;ANTONIO BORJAS ROMERO;1
13;2;BOLIVAR;1
13;3;CACIQUE MARA;1
13;4;CARACCIOLO PARRA PEREZ;1
13;5;CECILIO ACOSTA;1
13;6;CRISTO DE ARANZA;1
13;7;COQUIVACOA;1
13;8;CHIQUINQUIRA;1
13;9;FRANCISCO EUGENIO BUSTAMANTE;1
13;10;IDELFONSO VASQUEZ;1
13;11;JUANA DE AVILA;1
13;12;LUIS HURTADO HIGUERA;1
13;13;MANUEL DAGNINO;1
13;14;OLEGARIO VILLALOBOS;1
13;15;RAUL LEONI;1
13;16;SANTA LUCIA;1
13;17;VENANCIO PULGAR;1
13;18;SAN ISIDRO;1
14;1;ALTAGRACIA;1
14;2;ANA MARIA CAMPOS;1
14;3;FARIA;1
14;4;SAN ANTONIO;1
14;5;SAN JOSE;1
15;1;SINAMAICA;1
15;2;ALTA GUAJIRA;1
15;3;ELIAS SANCHEZ RUBIO;1
15;4;GUAJIRA;1
16;1;EL ROSARIO;1
16;2;DONALDO GARCIA;1
16;3;SIXTO ZAMBRANO;1
17;1;SAN FRANCISCO;1
17;2;EL BAJO;1
17;3;DOMITILA FLORES;1
17;4;FRANCISCO OCHOA;1
17;5;LOS CORTIJOS;1
17;6;MARCIAL HERNANDEZ;1
18;1;SANTA RITA;1
18;2;EL MENE;1
18;3;JOSE CENOVIO URRIBARRI;1
18;4;PEDRO LUCAS URRIBARRI;1
19;1;MANUEL MANRIQUE;1
19;2;RAFAEL MARIA BARALT;1
19;3;RAFAEL URDANETA;1
20;1;BOBURES;1
20;2;EL BATEY;1
20;3;GIBRALTAR;1
20;4;HERAS;1
20;5;MONSENOR ARTURO CELESTINO ALVAREZ;1
20;6;ROMULO GALLEGOS;1
21;1;LA VICTORIA;1
21;2;RAFAEL URDANETA;1
21;3;RAUL CUENCA;1
1;1;CARABALLERA;1
1;2;CARAYACA;1
1;3;CARUAO;1
1;4;CATIA LA MAR;1
1;5;EL JUNKO;1
1;6;LA GUAIRA;1
1;7;MACUTO;1
1;8;MAIQUETIA;1
1;9;NAIGUATA;1
1;10;RAUL LEONI;1
1;11;CARLOS SOUBLETTE;1
1;1;GRAN ROQUE;1
1;2;MADRISQUI(MADRISQUE - CAYO RATA);1
1;3;FRANCISQUI DEL NORTE;1
1;4;FRANCISQUI DEL SUR O CAYO REFUGIO;1
1;5;CAYO PIRATA;1
1;6;CRASQUI;1
1;7;RASQUI;1
1;8;AGUISTIN O PRESTONQUI;1
1;9;CAYO LOCO O PORQUI;1
1;10;BOTOQUI;1
1;11;SAMQUI;1
1;12;BURQUI;1
1;13;CAYO CARENERO;1
1;14;CAYO FERNANDO;1
1;15;MOSQUISES NORTE;1
1;16;MOSQUISES SUR (F.C.L.R);1
1;17;PELONA DE DOS MOSQUISES;1
1;18;VESPEN O CAYO SAL;1
1;19;BOCA DE COTE;1
1;20;BAJO DE BOTUTO;1
2;1;TESTIGOS GRANDES;1
2;2;IGUANA;1
3;1;BORRACHA;1
3;2;CHIMANA GRANDE;1
3;3;CHIMANA DEL OESTE;1
3;4;CHIMANA DEL SUR;1
3;5;BURRO;1
3;6;VARADERO;1
3;7;MONOS;1
3;8;PICUDA GRANDE;1
4;1;BLANQUILLA, LA;1
5;1;MORRO DE LA PECHA(PUERTO REAL);1
6;1;PATOS (ISLA DE);1
7;1;PIRITU (ADENTRO);1
4;1;M.A. CACIQUE MANAURE;1
7;1;M.A. DABAJURO;1
16;1;M.A. PALMASOLA;1
19;1;M.A. SAN FRANCISCO;1
